"course","reviewer"
"Machine Learning","/accounts/profile/Swizec"
"Machine Learning","/accounts/profile/guiambros"
"Machine Learning","/accounts/profile/ankursethi"
"Machine Learning","/accounts/profile/benhaley"
"Machine Learning","/accounts/profile/ricardoteixeira"
"Machine Learning","/accounts/profile/chrissimmons"
"Machine Learning","/accounts/profile/marek.stoj"
"Machine Learning","/accounts/profile/gavinconran"
"Machine Learning","/accounts/profile/plepin"
"Machine Learning","/accounts/profile/ruslanbes"
"Machine Learning","/accounts/profile/robertkomartin"
"Machine Learning","/accounts/profile/alexott"
"Machine Learning","/accounts/profile/lukakacil"
"Machine Learning","/accounts/profile/sergiomarchesini"
"Machine Learning","/accounts/profile/ethanberl"
"Machine Learning","/accounts/profile/thomasjohnson"
"Machine Learning","/accounts/profile/afreffetter"
"Machine Learning","/accounts/profile/danielsnider1"
"Machine Learning","/accounts/profile/sebastianramirezmontano"
"Machine Learning","/accounts/profile/Taqi"
"Machine Learning","/accounts/profile/mayanksingh"
"Machine Learning","/accounts/profile/panagiotis"
"Machine Learning","/accounts/profile/alex1"
"Machine Learning","/accounts/profile/emediquei"
"Machine Learning","/accounts/profile/xasmx"
"Machine Learning","/accounts/profile/jgauthier"
"Machine Learning","/accounts/profile/PatrixCR"
"Machine Learning","/accounts/profile/chrisbeard"
"Machine Learning","/accounts/profile/spauld"
"Machine Learning","/accounts/profile/johny"
"Machine Learning","/accounts/profile/jasperbrener"
"Machine Learning","/accounts/profile/nikhilsarpotdar"
"Machine Learning","/accounts/profile/equanimouscreativity"
"Machine Learning","/accounts/profile/jewellambert"
"Machine Learning","/accounts/profile/estebanafonso"
"Machine Learning","/accounts/profile/brijrajsinhgohil"
"Machine Learning","/accounts/profile/duncanmurray"
"Machine Learning","/accounts/profile/marjancek"
"Machine Learning","/accounts/profile/karthikputhraya"
"Machine Learning","/accounts/profile/connie"
"Machine Learning","/accounts/profile/trevor"
"Machine Learning","/accounts/profile/trevor"
"Machine Learning","/accounts/profile/mikitebeka"
"Machine Learning","/accounts/profile/geekage"
"Machine Learning","/accounts/profile/viashino"
"Machine Learning","/accounts/profile/rafaelsantos"
"Machine Learning","/accounts/profile/robinleonsinclair"
"Machine Learning","/accounts/profile/ivanvashchenko"
"Machine Learning","/accounts/profile/%E8%83%A5%E5%98%89%E5%B9%B8"
"Machine Learning","/accounts/profile/juanlishen"
"Machine Learning","/accounts/profile/rajivabraham"
"Machine Learning","/accounts/profile/dan5"
"Machine Learning","/accounts/profile/dukebody"
"Machine Learning","/accounts/profile/Darida"
"Machine Learning","/accounts/profile/weien"
"Machine Learning","/accounts/profile/mjimueller"
"Machine Learning","/accounts/profile/diegorosado"
"Machine Learning","/accounts/profile/hamidehiraj"
"Machine Learning","/accounts/profile/sharadlal"
"Machine Learning","/accounts/profile/fay%C3%A7alfatihi"
"Machine Learning","/accounts/profile/ivofernandes"
"Machine Learning","/accounts/profile/kevinzhu"
"Machine Learning","/accounts/profile/jeansebastiengourdet"
"Machine Learning","/accounts/profile/thomasanichini"
"Machine Learning","/accounts/profile/richardtaylor"
"Machine Learning","/accounts/profile/hayimlusthaus"
"Machine Learning","/accounts/profile/muthuchithambarajothi"
"Machine Learning","/accounts/profile/greghamel"
"Machine Learning","/accounts/profile/andreboechat"
"Machine Learning","/accounts/profile/antoniomunoz"
"Machine Learning","/accounts/profile/emmanuelladoux"
"Machine Learning","/accounts/profile/prashantjoshi"
"Machine Learning","https://www.class-central.com/u/33586"
"Machine Learning","/accounts/profile/mcloney"
"Machine Learning","/accounts/profile/shekharsivaraman"
"Machine Learning","https://www.class-central.com/u/38844"
"Machine Learning","https://www.class-central.com/u/35142"
"Machine Learning","/accounts/profile/soroushpour"
"Machine Learning","/accounts/profile/kristinasekrst"
"Machine Learning","/accounts/profile/pablocouto"
"Machine Learning","https://www.class-central.com/u/43050"
"Machine Learning","https://www.class-central.com/u/44229"
"Machine Learning","/accounts/profile/jeffwinchell1"
"Machine Learning","/accounts/profile/HeonkyuJin"
"Machine Learning","/accounts/profile/savr3freedom"
"Machine Learning","https://www.class-central.com/u/54335"
"Machine Learning","https://www.class-central.com/u/44267"
"Machine Learning","/accounts/profile/nicolaspipard"
"Machine Learning","/accounts/profile/michael18"
"Machine Learning","https://www.class-central.com/u/61387"
"Machine Learning","https://www.class-central.com/u/46876"
"Machine Learning","https://www.class-central.com/u/55014"
"Machine Learning","https://www.class-central.com/u/48489"
"Machine Learning","/accounts/profile/ilya1"
"Machine Learning","/accounts/profile/nouguier"
"Machine Learning","https://www.class-central.com/u/63704"
"Machine Learning","https://www.class-central.com/u/64856"
"Machine Learning","https://www.class-central.com/u/66014"
"Machine Learning","https://www.class-central.com/u/66145"
"Machine Learning","https://www.class-central.com/@greg"
"Machine Learning","https://www.class-central.com/u/70322"
"Machine Learning","https://www.class-central.com/u/71342"
"Machine Learning","https://www.class-central.com/u/72129"
"Machine Learning","https://www.class-central.com/u/73817"
"Machine Learning","https://www.class-central.com/u/66923"
"Machine Learning","https://www.class-central.com/u/73825"
"Machine Learning","https://www.class-central.com/u/74905"
"Machine Learning","https://www.class-central.com/u/70317"
"Machine Learning","https://www.class-central.com/u/76144"
"Machine Learning","https://www.class-central.com/u/76958"
"Machine Learning","https://www.class-central.com/u/77564"
"Machine Learning","https://www.class-central.com/u/78360"
"Machine Learning","https://www.class-central.com/u/80523"
"Machine Learning","https://www.class-central.com/u/70225"
"Machine Learning","https://www.class-central.com/u/41773"
"Machine Learning","https://www.class-central.com/u/82128"
"Machine Learning","https://www.class-central.com/u/46413"
"Machine Learning","https://www.class-central.com/u/81015"
"Machine Learning","https://www.class-central.com/u/79737"
"Machine Learning","https://www.class-central.com/u/74807"
"Machine Learning","https://www.class-central.com/u/90109"
"Machine Learning","https://www.class-central.com/u/90361"
"Machine Learning","/accounts/profile/zzajic"
"Machine Learning","https://www.class-central.com/u/53526"
"Machine Learning","/accounts/profile/vedran.galetic1"
"Machine Learning","/accounts/profile/nooptis"
"Machine Learning","https://www.class-central.com/u/73990"
"Machine Learning","https://www.class-central.com/u/94341"
"Machine Learning","https://www.class-central.com/u/38313"
"Machine Learning","https://www.class-central.com/u/95244"
"Machine Learning","https://www.class-central.com/u/96103"
"Machine Learning","https://www.class-central.com/u/94550"
"Machine Learning","https://www.class-central.com/u/100402"
"Machine Learning","/accounts/profile/kalpesh"
"Machine Learning","https://www.class-central.com/u/101557"
"Machine Learning","https://www.class-central.com/u/101738"
"Machine Learning","https://www.class-central.com/u/87674"
"Machine Learning","https://www.class-central.com/u/102352"
"Machine Learning","/accounts/profile/sekrst"
"Machine Learning","https://www.class-central.com/u/80166"
"Machine Learning","/accounts/profile/gautam5"
"Machine Learning","https://www.class-central.com/u/109093"
"Machine Learning","https://www.class-central.com/u/110539"
"Machine Learning","https://www.class-central.com/u/112242"
"Machine Learning","/accounts/profile/simon19"
"Machine Learning","https://www.class-central.com/u/114279"
"Machine Learning","https://www.class-central.com/u/113847"
"Machine Learning","https://www.class-central.com/u/115574"
"Machine Learning","https://www.class-central.com/u/116413"
"Machine Learning","https://www.class-central.com/u/12100"
"Machine Learning","https://www.class-central.com/u/111751"
"Machine Learning","https://www.class-central.com/u/53012"
"Machine Learning","https://www.class-central.com/u/116217"
"Machine Learning","https://www.class-central.com/u/124063"
"Machine Learning","/accounts/profile/karthikeyansankaran"
"Machine Learning","https://www.class-central.com/u/41347"
"Machine Learning","/accounts/profile/gaurav25"
"Machine Learning","https://www.class-central.com/u/131321"
"Machine Learning","https://www.class-central.com/u/122078"
"Machine Learning","https://www.class-central.com/u/132336"
"Machine Learning","https://www.class-central.com/u/132883"
"Machine Learning","https://www.class-central.com/u/134199"
"Machine Learning","https://www.class-central.com/u/137823"
"Machine Learning","/accounts/profile/bernardocampos"
"Machine Learning","https://www.class-central.com/u/139204"
"Machine Learning","https://www.class-central.com/u/119304"
"Machine Learning","https://www.class-central.com/u/141333"
"Machine Learning","https://www.class-central.com/u/122078"
"Machine Learning","https://www.class-central.com/@mal"
"Machine Learning","https://www.class-central.com/u/140211"
"Machine Learning","https://www.class-central.com/u/61669"
"Machine Learning","https://www.class-central.com/u/143211"
"Machine Learning","https://www.class-central.com/u/144689"
"Machine Learning","https://www.class-central.com/u/145826"
"Machine Learning","https://www.class-central.com/u/146268"
"Machine Learning","https://www.class-central.com/u/146475"
"Machine Learning","https://www.class-central.com/u/147983"
"Machine Learning","https://www.class-central.com/u/92766"
"Machine Learning","https://www.class-central.com/u/121504"
"Machine Learning","https://www.class-central.com/u/132276"
"Machine Learning","https://www.class-central.com/u/152870"
"Machine Learning","https://www.class-central.com/u/140553"
"Machine Learning","https://www.class-central.com/u/36441"
"Machine Learning","https://www.class-central.com/u/156948"
"Machine Learning","https://www.class-central.com/u/139555"
"Machine Learning","https://www.class-central.com/u/136187"
"Machine Learning","https://www.class-central.com/u/161851"
"Machine Learning","https://www.class-central.com/u/156904"
"Machine Learning","https://www.class-central.com/u/166143"
"Machine Learning","https://www.class-central.com/u/35217"
"Machine Learning","https://www.class-central.com/u/161357"
"Machine Learning","https://www.class-central.com/u/46195"
"Machine Learning","/accounts/profile/greg30"
"Machine Learning","https://www.class-central.com/u/116571"
"Machine Learning","https://www.class-central.com/u/168967"
"Machine Learning","https://www.class-central.com/u/47940"
"Machine Learning","/accounts/profile/sakares"
"Machine Learning","https://www.class-central.com/u/180453"
"Machine Learning","https://www.class-central.com/u/181619"
"Machine Learning","https://www.class-central.com/u/185571"
"Machine Learning","https://www.class-central.com/u/186341"
"Machine Learning","https://www.class-central.com/u/50229"
"Algorithms: Design and Analysis, Part 1","/accounts/profile/daniel.ward.3532"
"Algorithms: Design and Analysis, Part 1","/accounts/profile/romanvorushin"
"Algorithms: Design and Analysis, Part 1","/accounts/profile/afreffetter"
"Algorithms: Design and Analysis, Part 1","/accounts/profile/sebastianramirezmontano"
"Algorithms: Design and Analysis, Part 1","/accounts/profile/philarete"
"Algorithms: Design and Analysis, Part 1","/accounts/profile/ishfaquerafee"
"Algorithms: Design and Analysis, Part 1","/accounts/profile/eugenesafronov"
"Algorithms: Design and Analysis, Part 1","/accounts/profile/dongliangyu"
"Algorithms: Design and Analysis, Part 1","/accounts/profile/jackshen"
"Algorithms: Design and Analysis, Part 1","/accounts/profile/colinjack"
"Algorithms: Design and Analysis, Part 1","/accounts/profile/chrisbeard"
"Algorithms: Design and Analysis, Part 1","/accounts/profile/spauld"
"Algorithms: Design and Analysis, Part 1","/accounts/profile/karthikputhraya"
"Algorithms: Design and Analysis, Part 1","/accounts/profile/pedroforquesato"
"Algorithms: Design and Analysis, Part 1","/accounts/profile/greghamel"
"Algorithms: Design and Analysis, Part 1","https://www.class-central.com/@dhawal"
"Algorithms: Design and Analysis, Part 1","https://www.class-central.com/@henrik"
"Algorithms: Design and Analysis, Part 1","/accounts/profile/homerthompson"
"Algorithms: Design and Analysis, Part 1","/accounts/profile/dmitriyborisenkov1"
"Algorithms: Design and Analysis, Part 1","/accounts/profile/ilyarudyak"
"Algorithms: Design and Analysis, Part 1","/accounts/profile/soesilowijono"
"Algorithms: Design and Analysis, Part 1","/accounts/profile/jimhumelsine"
"Algorithms: Design and Analysis, Part 1","/accounts/profile/shrutitiwari"
"Algorithms: Design and Analysis, Part 1","/accounts/profile/agarwal.shubham166"
"Algorithms: Design and Analysis, Part 1","/accounts/profile/gwenm"
"Algorithms: Design and Analysis, Part 1","/accounts/profile/sylvainbenner"
"Algorithms: Design and Analysis, Part 1","/accounts/profile/juliabrauer"
"Algorithms: Design and Analysis, Part 1","/accounts/profile/heinrichvimmstadtl"
"Algorithms: Design and Analysis, Part 1","/accounts/profile/akshayjain"
"Algorithms: Design and Analysis, Part 1","/accounts/profile/stevenfrank"
"Algorithms: Design and Analysis, Part 1","https://www.class-central.com/u/38400"
"Algorithms: Design and Analysis, Part 1","https://www.class-central.com/u/40040"
"Algorithms: Design and Analysis, Part 1","/accounts/profile/yizhakabudi"
"Algorithms: Design and Analysis, Part 1","https://www.class-central.com/u/44173"
"Algorithms: Design and Analysis, Part 1","https://www.class-central.com/u/37315"
"Algorithms: Design and Analysis, Part 1","https://www.class-central.com/u/34522"
"Algorithms: Design and Analysis, Part 1","https://www.class-central.com/u/63704"
"Algorithms: Design and Analysis, Part 1","https://www.class-central.com/u/73624"
"Algorithms: Design and Analysis, Part 1","https://www.class-central.com/u/74905"
"Algorithms: Design and Analysis, Part 1","https://www.class-central.com/u/76944"
"Algorithms: Design and Analysis, Part 1","https://www.class-central.com/@matteo"
"Algorithms: Design and Analysis, Part 1","https://www.class-central.com/u/66901"
"Algorithms: Design and Analysis, Part 1","/accounts/profile/timothy235"
"Algorithms: Design and Analysis, Part 1","https://www.class-central.com/u/79737"
"Algorithms: Design and Analysis, Part 1","/accounts/profile/prashantfromindia"
"Algorithms: Design and Analysis, Part 1","https://www.class-central.com/u/66082"
"Algorithms: Design and Analysis, Part 1","https://www.class-central.com/u/94550"
"Algorithms: Design and Analysis, Part 1","https://www.class-central.com/u/109093"
"Algorithms: Design and Analysis, Part 1","https://www.class-central.com/u/116662"
"Algorithms: Design and Analysis, Part 1","https://www.class-central.com/u/117180"
"Algorithms: Design and Analysis, Part 1","https://www.class-central.com/u/87441"
"Algorithms: Design and Analysis, Part 1","https://www.class-central.com/u/124914"
"Algorithms: Design and Analysis, Part 1","https://www.class-central.com/u/141333"
"Algorithms: Design and Analysis, Part 1","https://www.class-central.com/u/145826"
"Algorithms: Design and Analysis, Part 1","https://www.class-central.com/u/107311"
"Algorithms: Design and Analysis, Part 1","https://www.class-central.com/u/161851"
"Automata","/accounts/profile/bharat"
"Automata","/accounts/profile/sai"
"Automata","/accounts/profile/PatrixCR"
"Automata","/accounts/profile/ashalynd"
"Automata","/accounts/profile/jimhumelsine"
"Automata","/accounts/profile/duncanmurray"
"Automata","/accounts/profile/juliabrauer"
"Automata","/accounts/profile/equanimouscreativity"
"Automata","/accounts/profile/zellily"
"Automata","/accounts/profile/richardtaylor"
"Automata","/accounts/profile/ilyarudyak"
"Automata","/accounts/profile/juzerali"
"Automata","https://www.class-central.com/u/63704"
"Automata","https://www.class-central.com/u/66901"
"Automata","https://www.class-central.com/u/12100"
"Automata","https://www.class-central.com/u/93812"
"Automata","/accounts/profile/hali10840"
"Automata","/accounts/profile/sekrst"
"Automata","https://www.class-central.com/u/141333"
"Automata","https://www.class-central.com/u/183623"
"Automata","https://www.class-central.com/u/180987"
"Compilers","/accounts/profile/chrissimmons"
"Compilers","/accounts/profile/gavinconran"
"Compilers","/accounts/profile/vitorcarreira"
"Compilers","/accounts/profile/sai"
"Compilers","/accounts/profile/danieldanciu"
"Compilers","/accounts/profile/ashalynd"
"Compilers","/accounts/profile/ayush"
"Compilers","/accounts/profile/john4"
"Compilers","/accounts/profile/geekage"
"Compilers","/accounts/profile/robinleonsinclair"
"Compilers","/accounts/profile/username"
"Compilers","/accounts/profile/emanuelevans"
"Compilers","/accounts/profile/equanimouscreativity"
"Compilers","/accounts/profile/danielsavard"
"Compilers","https://www.class-central.com/u/63704"
"Compilers","https://www.class-central.com/u/92688"
"Compilers","https://www.class-central.com/u/141333"
"Compilers","https://www.class-central.com/u/62802"
"Compilers","https://www.class-central.com/u/180987"
"Web Intelligence and Big Data","/accounts/profile/marek.stoj"
"Web Intelligence and Big Data","/accounts/profile/boyarsky"
"Web Intelligence and Big Data","/accounts/profile/benhaley"
"Web Intelligence and Big Data","/accounts/profile/gavinconran"
"Web Intelligence and Big Data","/accounts/profile/ethanberl"
"Web Intelligence and Big Data","/accounts/profile/robertkomartin"
"Web Intelligence and Big Data","/accounts/profile/celestehorner"
"Web Intelligence and Big Data","/accounts/profile/naseeramelethil"
"Web Intelligence and Big Data","/accounts/profile/sai"
"Web Intelligence and Big Data","/accounts/profile/ramanathan"
"Web Intelligence and Big Data","/accounts/profile/yogeshshenvikuvelkar"
"Web Intelligence and Big Data","/accounts/profile/equanimouscreativity"
"Web Intelligence and Big Data","/accounts/profile/shashankgupta"
"Web Intelligence and Big Data","/accounts/profile/alfonso"
"Web Intelligence and Big Data","/accounts/profile/SunLChk"
"Web Intelligence and Big Data","/accounts/profile/17"
"Web Intelligence and Big Data","/accounts/profile/nikhilsarpotdar"
"Web Intelligence and Big Data","/accounts/profile/njinzuchen"
"Web Intelligence and Big Data","/accounts/profile/marcoconde"
"Web Intelligence and Big Data","/accounts/profile/leslie"
"Web Intelligence and Big Data","/accounts/profile/duncanmurray"
"Web Intelligence and Big Data","/accounts/profile/danielgomes"
"Web Intelligence and Big Data","/accounts/profile/viobelc"
"Web Intelligence and Big Data","/accounts/profile/leonardozambaldi"
"Web Intelligence and Big Data","/accounts/profile/williamrosenfeld"
"Web Intelligence and Big Data","/accounts/profile/danwigglesworth"
"Web Intelligence and Big Data","/accounts/profile/kachunto"
"Web Intelligence and Big Data","/accounts/profile/gustavoseitun"
"Web Intelligence and Big Data","/accounts/profile/colinmcdermott"
"Web Intelligence and Big Data","/accounts/profile/niteshnahta"
"Web Intelligence and Big Data","/accounts/profile/romagluskin"
"Web Intelligence and Big Data","/accounts/profile/dharmeshkishore1"
"Web Intelligence and Big Data","/accounts/profile/tiagotaveiragomes1"
"Web Intelligence and Big Data","/accounts/profile/saurav"
"Web Intelligence and Big Data","/accounts/profile/marjancek"
"Web Intelligence and Big Data","/accounts/profile/dukebody"
"Web Intelligence and Big Data","/accounts/profile/mariogomezmartinez"
"Web Intelligence and Big Data","/accounts/profile/hamidehiraj"
"Web Intelligence and Big Data","/accounts/profile/arashpourhabibizarandi"
"Web Intelligence and Big Data","/accounts/profile/jeffwinchell1"
"Web Intelligence and Big Data","/accounts/profile/joseluisdengra"
"Web Intelligence and Big Data","https://www.class-central.com/u/137823"
"Web Intelligence and Big Data","https://www.class-central.com/u/141333"
"Web Intelligence and Big Data","https://www.class-central.com/u/62802"
"Introduction to Computational Finance and Financial Econometrics","/accounts/profile/sai"
"Introduction to Computational Finance and Financial Econometrics","/accounts/profile/equanimouscreativity"
"Introduction to Computational Finance and Financial Econometrics","/accounts/profile/lluisfigueroa"
"Introduction to Computational Finance and Financial Econometrics","/accounts/profile/davidkeck"
"Introduction to Computational Finance and Financial Econometrics","/accounts/profile/dan5"
"Introduction to Computational Finance and Financial Econometrics","/accounts/profile/erickhernandez"
"Introduction to Computational Finance and Financial Econometrics","/accounts/profile/mirjam.elisabeth"
"Introduction to Computational Finance and Financial Econometrics","https://www.class-central.com/u/109093"
"Introduction to Computational Finance and Financial Econometrics","https://www.class-central.com/u/71785"
"Introduction to Computational Finance and Financial Econometrics","https://www.class-central.com/u/180255"
"Functional Programming Principles in Scala","/accounts/profile/tantram"
"Functional Programming Principles in Scala","/accounts/profile/eranmedan"
"Functional Programming Principles in Scala","/accounts/profile/alexchiri"
"Functional Programming Principles in Scala","/accounts/profile/gavinconran"
"Functional Programming Principles in Scala","/accounts/profile/tejasbubane"
"Functional Programming Principles in Scala","/accounts/profile/robertkomartin"
"Functional Programming Principles in Scala","/accounts/profile/boyarsky"
"Functional Programming Principles in Scala","/accounts/profile/chrissimmons"
"Functional Programming Principles in Scala","/accounts/profile/kshmatov"
"Functional Programming Principles in Scala","/accounts/profile/dan"
"Functional Programming Principles in Scala","/accounts/profile/dirkmeister"
"Functional Programming Principles in Scala","/accounts/profile/afreffetter"
"Functional Programming Principles in Scala","/accounts/profile/boethian"
"Functional Programming Principles in Scala","/accounts/profile/mayanksingh"
"Functional Programming Principles in Scala","/accounts/profile/ruslanbes"
"Functional Programming Principles in Scala","/accounts/profile/emediquei"
"Functional Programming Principles in Scala","/accounts/profile/petersisk"
"Functional Programming Principles in Scala","/accounts/profile/philarete"
"Functional Programming Principles in Scala","/accounts/profile/prashidhakharel"
"Functional Programming Principles in Scala","/accounts/profile/Jan"
"Functional Programming Principles in Scala","/accounts/profile/jewellambert"
"Functional Programming Principles in Scala","/accounts/profile/17"
"Functional Programming Principles in Scala","/accounts/profile/owenbyrne"
"Functional Programming Principles in Scala","/accounts/profile/lagouye"
"Functional Programming Principles in Scala","/accounts/profile/nml"
"Functional Programming Principles in Scala","/accounts/profile/kostiantynlukianets"
"Functional Programming Principles in Scala","/accounts/profile/colinjack"
"Functional Programming Principles in Scala","/accounts/profile/anon_j"
"Functional Programming Principles in Scala","/accounts/profile/opi"
"Functional Programming Principles in Scala","/accounts/profile/username"
"Functional Programming Principles in Scala","/accounts/profile/michaminicki"
"Functional Programming Principles in Scala","/accounts/profile/gabriel"
"Functional Programming Principles in Scala","/accounts/profile/jurgenvangael"
"Functional Programming Principles in Scala","https://www.class-central.com/@dhawal"
"Functional Programming Principles in Scala","/accounts/profile/enricobacis"
"Functional Programming Principles in Scala","/accounts/profile/pascallabbe"
"Functional Programming Principles in Scala","/accounts/profile/equanimouscreativity"
"Functional Programming Principles in Scala","/accounts/profile/jaumevallsaltadill"
"Functional Programming Principles in Scala","/accounts/profile/francoisfernando1"
"Functional Programming Principles in Scala","/accounts/profile/simonchenery"
"Functional Programming Principles in Scala","https://www.class-central.com/u/38313"
"Functional Programming Principles in Scala","https://www.class-central.com/u/12100"
"Functional Programming Principles in Scala","/accounts/profile/haraldkorneliussen"
"Functional Programming Principles in Scala","/accounts/profile/ilya1"
"Functional Programming Principles in Scala","https://www.class-central.com/u/67233"
"Functional Programming Principles in Scala","https://www.class-central.com/u/76944"
"Functional Programming Principles in Scala","https://www.class-central.com/u/66901"
"Functional Programming Principles in Scala","https://www.class-central.com/u/92688"
"Functional Programming Principles in Scala","https://www.class-central.com/u/95232"
"Functional Programming Principles in Scala","https://www.class-central.com/u/106051"
"Functional Programming Principles in Scala","https://www.class-central.com/u/110553"
"Functional Programming Principles in Scala","https://www.class-central.com/u/116662"
"Functional Programming Principles in Scala","https://www.class-central.com/u/137594"
"Functional Programming Principles in Scala","https://www.class-central.com/u/145826"
"Functional Programming Principles in Scala","https://www.class-central.com/u/107311"
"Functional Programming Principles in Scala","https://www.class-central.com/u/161357"
"Community Change in Public Health","/accounts/profile/katheepoohbeltran"
"Community Change in Public Health","/accounts/profile/andrea"
"Community Change in Public Health","/accounts/profile/christianreinboth"
"Community Change in Public Health","https://www.class-central.com/u/122893"
"Think Again: How to Reason and Argue","/accounts/profile/simple"
"Think Again: How to Reason and Argue","/accounts/profile/sandraneuse"
"Think Again: How to Reason and Argue","/accounts/profile/jeremybarth"
"Think Again: How to Reason and Argue","/accounts/profile/dee"
"Think Again: How to Reason and Argue","/accounts/profile/krista.garver"
"Think Again: How to Reason and Argue","/accounts/profile/greta"
"Think Again: How to Reason and Argue","/accounts/profile/justin"
"Think Again: How to Reason and Argue","/accounts/profile/daisykho"
"Think Again: How to Reason and Argue","/accounts/profile/nml"
"Think Again: How to Reason and Argue","/accounts/profile/mariealkan"
"Think Again: How to Reason and Argue","/accounts/profile/ricardoteixeira"
"Think Again: How to Reason and Argue","/accounts/profile/Colffield"
"Think Again: How to Reason and Argue","/accounts/profile/Barbara"
"Think Again: How to Reason and Argue","/accounts/profile/joanna"
"Think Again: How to Reason and Argue","/accounts/profile/lluisfigueroa"
"Think Again: How to Reason and Argue","/accounts/profile/cmw"
"Think Again: How to Reason and Argue","/accounts/profile/satyajitmalugu"
"Think Again: How to Reason and Argue","/accounts/profile/antonvynogradenko"
"Think Again: How to Reason and Argue","/accounts/profile/winthropyu"
"Think Again: How to Reason and Argue","/accounts/profile/boyarsky"
"Think Again: How to Reason and Argue","/accounts/profile/louisclaudecanon"
"Think Again: How to Reason and Argue","/accounts/profile/jessicasusser"
"Think Again: How to Reason and Argue","/accounts/profile/bart"
"Think Again: How to Reason and Argue","/accounts/profile/fraydaglass"
"Think Again: How to Reason and Argue","/accounts/profile/victorcampossilveira"
"Think Again: How to Reason and Argue","/accounts/profile/Zeljka_T"
"Think Again: How to Reason and Argue","https://www.class-central.com/@adelyne"
"Think Again: How to Reason and Argue","https://www.class-central.com/u/44216"
"Think Again: How to Reason and Argue","https://www.class-central.com/u/83866"
"Think Again: How to Reason and Argue","https://www.class-central.com/u/89331"
"Think Again: How to Reason and Argue","https://www.class-central.com/u/85765"
"Think Again: How to Reason and Argue","https://www.class-central.com/u/30513"
"Think Again: How to Reason and Argue","https://www.class-central.com/u/99084"
"Think Again: How to Reason and Argue","/accounts/profile/hamidehiraj"
"Think Again: How to Reason and Argue","https://www.class-central.com/u/71924"
"Think Again: How to Reason and Argue","https://www.class-central.com/u/116806"
"Think Again: How to Reason and Argue","https://www.class-central.com/u/45285"
"Think Again: How to Reason and Argue","/accounts/profile/247547495qq"
"Think Again: How to Reason and Argue","https://www.class-central.com/u/133475"
"Think Again: How to Reason and Argue","https://www.class-central.com/u/120012"
"Think Again: How to Reason and Argue","https://www.class-central.com/u/141333"
"Think Again: How to Reason and Argue","https://www.class-central.com/u/143261"
"Natural Language Processing","/accounts/profile/kmike"
"Natural Language Processing","/accounts/profile/davidchouinard"
"Natural Language Processing","/accounts/profile/benhaley"
"Natural Language Processing","/accounts/profile/kimavr"
"Natural Language Processing","/accounts/profile/alexott"
"Natural Language Processing","/accounts/profile/kaushalyamadhawa"
"Natural Language Processing","/accounts/profile/danielhunt"
"Natural Language Processing","/accounts/profile/equanimouscreativity"
"Natural Language Processing","/accounts/profile/koendejonghe"
"Natural Language Processing","/accounts/profile/ashalynd"
"Natural Language Processing","/accounts/profile/nadersoliman"
"Natural Language Processing","/accounts/profile/geekage"
"Natural Language Processing","https://www.class-central.com/@charlie"
"Natural Language Processing","/accounts/profile/turist"
"Natural Language Processing","/accounts/profile/ilya1"
"Natural Language Processing","https://www.class-central.com/u/63704"
"Natural Language Processing","https://www.class-central.com/u/44229"
"Natural Language Processing","https://www.class-central.com/u/109093"
"Natural Language Processing","https://www.class-central.com/u/141333"
"Natural Language Processing","https://www.class-central.com/u/141333"
"Natural Language Processing","https://www.class-central.com/u/174928"
"Natural Language Processing","https://www.class-central.com/u/180987"
"Natural Language Processing","https://www.class-central.com/u/46775"
"Circuits and Electronics 1: Basic Circuit Analysis","/accounts/profile/vikrantsingh"
"Circuits and Electronics 1: Basic Circuit Analysis","/accounts/profile/marjancek"
"Circuits and Electronics 1: Basic Circuit Analysis","/accounts/profile/yuriyskorenkyy"
"Circuits and Electronics 1: Basic Circuit Analysis","/accounts/profile/equanimouscreativity"
"Circuits and Electronics 1: Basic Circuit Analysis","/accounts/profile/festerbestertester"
"Circuits and Electronics 1: Basic Circuit Analysis","/accounts/profile/stanmense"
"Circuits and Electronics 1: Basic Circuit Analysis","/accounts/profile/joseluisfb"
"Circuits and Electronics 1: Basic Circuit Analysis","/accounts/profile/waqasahmadhadi"
"Circuits and Electronics 1: Basic Circuit Analysis","/accounts/profile/vivianaclaveria"
"Circuits and Electronics 1: Basic Circuit Analysis","/accounts/profile/aleksandrpetrikov1"
"Circuits and Electronics 1: Basic Circuit Analysis","/accounts/profile/ilya1"
"Circuits and Electronics 1: Basic Circuit Analysis","/accounts/profile/claudio8"
"Circuits and Electronics 1: Basic Circuit Analysis","/accounts/profile/aau-test-user"
"Circuits and Electronics 1: Basic Circuit Analysis","/accounts/profile/akshay"
"Circuits and Electronics 1: Basic Circuit Analysis","/accounts/profile/nittin49"
"Circuits and Electronics 1: Basic Circuit Analysis","https://www.class-central.com/u/171120"
"Circuits and Electronics 1: Basic Circuit Analysis","https://www.class-central.com/u/171316"
